n_features,threshold1,threshold2,accuracy,precision micro,precision macro,recall weighted,recall macro,recall micro,f1_score macro,f1_score micro
5,0.0,0.6,0.7284836065573771,0.7284836065573771,0.6383332154416417,,0.762274573597555,0.7284836065573771,0.671746372545036,0.728483606557377
5,0.0,0.7,0.7336065573770492,0.7336065573770492,0.6506964511811308,,0.7698045450064084,0.7336065573770492,0.6871215407357454,0.7336065573770492
5,0.0,0.8,0.7213114754098361,0.7213114754098361,0.6311524260053671,,0.7452681816688028,0.7213114754098361,0.6633307173321712,0.7213114754098362
5,0.0,0.9,0.7233606557377049,0.7233606557377049,0.6297207926546861,,0.7398786683755628,0.7233606557377049,0.6602977532833797,0.7233606557377049
5,0.0,1.0,0.7325819672131147,0.7325819672131147,0.6376560245135935,,0.7504350290840975,0.7325819672131147,0.6696164011995818,0.7325819672131146
5,0.1,0.6,0.7141393442622951,0.7141393442622951,0.627628059032944,,0.7393986164514115,0.7141393442622951,0.6611927746056809,0.7141393442622952
5,0.1,0.7,0.7366803278688525,0.7366803278688525,0.6557899248051733,,0.7856363994873312,0.7366803278688525,0.6943437588628473,0.7366803278688525
5,0.1,0.8,0.7397540983606558,0.7397540983606558,0.6509235953766733,,0.7626083998816918,0.7397540983606558,0.6831267854376236,0.7397540983606558
5,0.1,0.9,0.7336065573770492,0.7336065573770492,0.6256646088173504,,0.7339882184757961,0.7336065573770492,0.6570661101137381,0.7336065573770492
5,0.1,1.0,0.7182377049180327,0.7182377049180327,0.6207315532749641,,0.7220142955733018,0.7182377049180327,0.6504555368599528,0.7182377049180326
5,0.2,0.6,0.7151639344262295,0.7151639344262295,0.6346128469695527,,0.7745350816655165,0.7151639344262295,0.6716523942772823,0.7151639344262295
5,0.2,0.7,0.735655737704918,0.735655737704918,0.6456384027187765,,0.7680681422327386,0.735655737704918,0.6815601257024068,0.735655737704918
5,0.2,0.8,0.7397540983606558,0.7397540983606558,0.6493976525798346,,0.77823221269184,0.7397540983606558,0.6844274837128296,0.7397540983606558
5,0.2,0.9,0.7407786885245902,0.7407786885245902,0.639197723810373,,0.7561717440599428,0.7407786885245902,0.6741500569190034,0.7407786885245902
5,0.2,1.0,0.7172131147540983,0.7172131147540983,0.6212222633836525,,0.7292976601268527,0.7172131147540983,0.6488977547514819,0.7172131147540984
5,0.3,0.6,0.6741803278688525,0.6741803278688525,0.6022199048514838,,0.7345093167701864,0.6741803278688525,0.6342093938775464,0.6741803278688525
5,0.3,0.7,0.6967213114754098,0.6967213114754098,0.613941490257587,,0.7535761937625292,0.6967213114754098,0.6483893237785782,0.6967213114754098
5,0.3,0.8,0.7264344262295082,0.7264344262295082,0.6351985222241389,,0.762502300437083,0.7264344262295082,0.6691125089010479,0.726434426229508
5,0.3,0.9,0.7120901639344263,0.7120901639344263,0.6146650920115277,,0.7198703539386769,0.7120901639344263,0.6426385455577354,0.7120901639344263
5,0.3,1.0,0.7131147540983607,0.7131147540983607,0.6177136187746801,,0.7187775805974563,0.7131147540983607,0.6435076597808354,0.7131147540983606
5,0.4,0.6,0.6352459016393442,0.6352459016393442,0.5567833243870206,,0.6905428702882119,0.6352459016393442,0.5835308360564821,0.6352459016393442
5,0.4,0.7,0.6762295081967213,0.6762295081967213,0.610522312804751,,0.7451663708961845,0.6762295081967213,0.6399823632505625,0.6762295081967213
5,0.4,0.8,0.7100409836065574,0.7100409836065574,0.6255428769532932,,0.7531687863551217,0.7100409836065574,0.657407386093887,0.7100409836065574
5,0.4,0.9,0.7213114754098361,0.7213114754098361,0.6322767598966792,,0.7550148706825726,0.7213114754098361,0.6644531810503352,0.7213114754098362
5,0.4,1.0,0.6967213114754098,0.6967213114754098,0.6061393040375523,,0.721660291169608,0.6967213114754098,0.6346118090222678,0.6967213114754098
5,0.5,0.6,0.507172131147541,0.507172131147541,0.44714751680401416,,0.5224620099247429,0.507172131147541,0.4448052395111489,0.507172131147541
5,0.5,0.7,0.507172131147541,0.507172131147541,0.44714751680401416,,0.5224620099247429,0.507172131147541,0.4448052395111489,0.507172131147541
5,0.5,0.8,0.6885245901639344,0.6885245901639344,0.5953615270349287,,0.7163301784481909,0.6885245901639344,0.615529283475993,0.6885245901639344
5,0.5,0.9,0.6864754098360656,0.6864754098360656,0.5853844655679349,,0.6929514936409347,0.6864754098360656,0.6132170345746233,0.6864754098360656
5,0.5,1.0,0.6793032786885246,0.6793032786885246,0.5734442214575275,,0.6541283150941537,0.6793032786885246,0.5919543028214937,0.6793032786885246
10,0.0,0.6,0.7284836065573771,0.7284836065573771,0.6383332154416417,,0.762274573597555,0.7284836065573771,0.671746372545036,0.728483606557377
10,0.0,0.7,0.7448770491803278,0.7448770491803278,0.6655842861155585,,0.8042576160899143,0.7448770491803278,0.7003950212501568,0.7448770491803278
10,0.0,0.8,0.7243852459016393,0.7243852459016393,0.6261135965247837,,0.7253516546715304,0.7243852459016393,0.6544288981037542,0.7243852459016392
10,0.0,0.9,0.7325819672131147,0.7325819672131147,0.6376560245135935,,0.7504350290840975,0.7325819672131147,0.6696164011995818,0.7325819672131146
10,0.0,1.0,0.7325819672131147,0.7325819672131147,0.6376560245135935,,0.7504350290840975,0.7325819672131147,0.6696164011995818,0.7325819672131146
10,0.1,0.6,0.7141393442622951,0.7141393442622951,0.627628059032944,,0.7393986164514115,0.7141393442622951,0.6611927746056809,0.7141393442622952
10,0.1,0.7,0.7305327868852459,0.7305327868852459,0.6457156760035442,,0.7725478326596339,0.7305327868852459,0.6838323021540618,0.7305327868852459
10,0.1,0.8,0.7387295081967213,0.7387295081967213,0.6287229318246766,,0.7278458871471294,0.7387295081967213,0.6590319594848032,0.7387295081967213
10,0.1,0.9,0.7182377049180327,0.7182377049180327,0.6207315532749641,,0.7220142955733018,0.7182377049180327,0.6504555368599528,0.7182377049180326
10,0.1,1.0,0.7182377049180327,0.7182377049180327,0.6207315532749641,,0.7220142955733018,0.7182377049180327,0.6504555368599528,0.7182377049180326
10,0.2,0.6,0.7151639344262295,0.7151639344262295,0.6346128469695527,,0.7745350816655165,0.7151639344262295,0.6716523942772823,0.7151639344262295
10,0.2,0.7,0.7418032786885246,0.7418032786885246,0.6538221363114022,,0.7992093069111703,0.7418032786885246,0.6920828493999226,0.7418032786885246
10,0.2,0.8,0.7110655737704918,0.7110655737704918,0.6090674436490235,,0.713633589667751,0.7110655737704918,0.6371392651368576,0.7110655737704918
10,0.2,0.9,0.7172131147540983,0.7172131147540983,0.6212222633836525,,0.7292976601268527,0.7172131147540983,0.6488977547514819,0.7172131147540984
10,0.2,1.0,0.7172131147540983,0.7172131147540983,0.6212222633836525,,0.7292976601268527,0.7172131147540983,0.6488977547514819,0.7172131147540984
10,0.3,0.6,0.6741803278688525,0.6741803278688525,0.6022199048514838,,0.7345093167701864,0.6741803278688525,0.6342093938775464,0.6741803278688525
10,0.3,0.7,0.6967213114754098,0.6967213114754098,0.613941490257587,,0.7535761937625292,0.6967213114754098,0.6483893237785782,0.6967213114754098
10,0.3,0.8,0.7069672131147541,0.7069672131147541,0.601903113800387,,0.6951671431857768,0.7069672131147541,0.6295455992887471,0.7069672131147541
10,0.3,0.9,0.7131147540983607,0.7131147540983607,0.6177136187746801,,0.7187775805974563,0.7131147540983607,0.6435076597808354,0.7131147540983606
10,0.3,1.0,0.7131147540983607,0.7131147540983607,0.6177136187746801,,0.7187775805974563,0.7131147540983607,0.6435076597808354,0.7131147540983606
10,0.4,0.6,0.6352459016393442,0.6352459016393442,0.5567833243870206,,0.6905428702882119,0.6352459016393442,0.5835308360564821,0.6352459016393442
10,0.4,0.7,0.6762295081967213,0.6762295081967213,0.610522312804751,,0.7451663708961845,0.6762295081967213,0.6399823632505625,0.6762295081967213
10,0.4,0.8,0.7038934426229508,0.7038934426229508,0.6076905400181265,,0.7216572513063197,0.7038934426229508,0.6346487833339998,0.7038934426229508
10,0.4,0.9,0.6967213114754098,0.6967213114754098,0.6061393040375523,,0.721660291169608,0.6967213114754098,0.6346118090222678,0.6967213114754098
10,0.4,1.0,0.6967213114754098,0.6967213114754098,0.6061393040375523,,0.721660291169608,0.6967213114754098,0.6346118090222678,0.6967213114754098
10,0.5,0.6,0.507172131147541,0.507172131147541,0.44714751680401416,,0.5224620099247429,0.507172131147541,0.4448052395111489,0.507172131147541
10,0.5,0.7,0.507172131147541,0.507172131147541,0.44714751680401416,,0.5224620099247429,0.507172131147541,0.4448052395111489,0.507172131147541
10,0.5,0.8,0.6782786885245902,0.6782786885245902,0.5735079039111595,,0.6832982023727364,0.6782786885245902,0.5948741957947253,0.6782786885245902
10,0.5,0.9,0.6793032786885246,0.6793032786885246,0.5734442214575275,,0.6541283150941537,0.6793032786885246,0.5919543028214937,0.6793032786885246
10,0.5,1.0,0.6793032786885246,0.6793032786885246,0.5734442214575275,,0.6541283150941537,0.6793032786885246,0.5919543028214937,0.6793032786885246
15,0.0,0.6,0.7284836065573771,0.7284836065573771,0.6383332154416417,,0.762274573597555,0.7284836065573771,0.671746372545036,0.728483606557377
15,0.0,0.7,0.7366803278688525,0.7366803278688525,0.6657871780744966,,0.7839375267015019,0.7366803278688525,0.701506136656753,0.7366803278688525
15,0.0,0.8,0.7346311475409836,0.7346311475409836,0.6401896043780805,,0.75085017581912,0.7346311475409836,0.6727004204463716,0.7346311475409836
15,0.0,0.9,0.7325819672131147,0.7325819672131147,0.6376560245135935,,0.7504350290840975,0.7325819672131147,0.6696164011995818,0.7325819672131146
15,0.0,1.0,0.7325819672131147,0.7325819672131147,0.6376560245135935,,0.7504350290840975,0.7325819672131147,0.6696164011995818,0.7325819672131146
15,0.1,0.6,0.7141393442622951,0.7141393442622951,0.627628059032944,,0.7393986164514115,0.7141393442622951,0.6611927746056809,0.7141393442622952
15,0.1,0.7,0.7305327868852459,0.7305327868852459,0.6457156760035442,,0.7725478326596339,0.7305327868852459,0.6838323021540618,0.7305327868852459
15,0.1,0.8,0.7213114754098361,0.7213114754098361,0.6268513196741117,,0.7396590423609057,0.7213114754098361,0.6571440225998157,0.7213114754098362
15,0.1,0.9,0.7182377049180327,0.7182377049180327,0.6207315532749641,,0.7220142955733018,0.7182377049180327,0.6504555368599528,0.7182377049180326
15,0.1,1.0,0.7182377049180327,0.7182377049180327,0.6207315532749641,,0.7220142955733018,0.7182377049180327,0.6504555368599528,0.7182377049180326
15,0.2,0.6,0.7151639344262295,0.7151639344262295,0.6346128469695527,,0.7745350816655165,0.7151639344262295,0.6716523942772823,0.7151639344262295
15,0.2,0.7,0.7418032786885246,0.7418032786885246,0.6538221363114022,,0.7992093069111703,0.7418032786885246,0.6920828493999226,0.7418032786885246
15,0.2,0.8,0.7131147540983607,0.7131147540983607,0.6117820237359264,,0.7009342732261986,0.7131147540983607,0.6353025367049014,0.7131147540983606
15,0.2,0.9,0.7172131147540983,0.7172131147540983,0.6212222633836525,,0.7292976601268527,0.7172131147540983,0.6488977547514819,0.7172131147540984
15,0.2,1.0,0.7172131147540983,0.7172131147540983,0.6212222633836525,,0.7292976601268527,0.7172131147540983,0.6488977547514819,0.7172131147540984
15,0.3,0.6,0.6741803278688525,0.6741803278688525,0.6022199048514838,,0.7345093167701864,0.6741803278688525,0.6342093938775464,0.6741803278688525
15,0.3,0.7,0.6967213114754098,0.6967213114754098,0.613941490257587,,0.7535761937625292,0.6967213114754098,0.6483893237785782,0.6967213114754098
15,0.3,0.8,0.7243852459016393,0.7243852459016393,0.6279592384992172,,0.7356100594827303,0.7243852459016393,0.6588825176037713,0.7243852459016392
15,0.3,0.9,0.7131147540983607,0.7131147540983607,0.6177136187746801,,0.7187775805974563,0.7131147540983607,0.6435076597808354,0.7131147540983606
15,0.3,1.0,0.7131147540983607,0.7131147540983607,0.6177136187746801,,0.7187775805974563,0.7131147540983607,0.6435076597808354,0.7131147540983606
15,0.4,0.6,0.6352459016393442,0.6352459016393442,0.5567833243870206,,0.6905428702882119,0.6352459016393442,0.5835308360564821,0.6352459016393442
15,0.4,0.7,0.6762295081967213,0.6762295081967213,0.610522312804751,,0.7451663708961845,0.6762295081967213,0.6399823632505625,0.6762295081967213
15,0.4,0.8,0.6967213114754098,0.6967213114754098,0.6151725699791648,,0.7295704262381281,0.6967213114754098,0.6400049183215212,0.6967213114754098
15,0.4,0.9,0.6967213114754098,0.6967213114754098,0.6061393040375523,,0.721660291169608,0.6967213114754098,0.6346118090222678,0.6967213114754098
15,0.4,1.0,0.6967213114754098,0.6967213114754098,0.6061393040375523,,0.721660291169608,0.6967213114754098,0.6346118090222678,0.6967213114754098
15,0.5,0.6,0.507172131147541,0.507172131147541,0.44714751680401416,,0.5224620099247429,0.507172131147541,0.4448052395111489,0.507172131147541
15,0.5,0.7,0.507172131147541,0.507172131147541,0.44714751680401416,,0.5224620099247429,0.507172131147541,0.4448052395111489,0.507172131147541
15,0.5,0.8,0.6772540983606558,0.6772540983606558,0.5808624624723627,,0.7061012027999605,0.6772540983606558,0.6071357514081972,0.6772540983606558
15,0.5,0.9,0.6793032786885246,0.6793032786885246,0.5734442214575275,,0.6541283150941537,0.6793032786885246,0.5919543028214937,0.6793032786885246
15,0.5,1.0,0.6793032786885246,0.6793032786885246,0.5734442214575275,,0.6541283150941537,0.6793032786885246,0.5919543028214937,0.6793032786885246
20,0.0,0.6,0.7336065573770492,0.7336065573770492,0.6527119629679249,,0.7817671464721154,0.7336065573770492,0.6897924791364958,0.7336065573770492
20,0.0,0.7,0.7540983606557377,0.7540983606557377,0.6700577902717437,,0.7959056327845148,0.7540983606557377,0.7083273152684124,0.7540983606557377
20,0.0,0.8,0.7315573770491803,0.7315573770491803,0.633800862005514,,0.7434799861973774,0.7315573770491803,0.6665350891455273,0.7315573770491803
20,0.0,0.9,0.7325819672131147,0.7325819672131147,0.6376560245135935,,0.7504350290840975,0.7325819672131147,0.6696164011995818,0.7325819672131146
20,0.0,1.0,0.7325819672131147,0.7325819672131147,0.6376560245135935,,0.7504350290840975,0.7325819672131147,0.6696164011995818,0.7325819672131146
20,0.1,0.6,0.7295081967213115,0.7295081967213115,0.6386168600526537,,0.7526992507147787,0.7295081967213115,0.6730873760021743,0.7295081967213115
20,0.1,0.7,0.7336065573770492,0.7336065573770492,0.6460109933145832,,0.7706539813993231,0.7336065573770492,0.6830410020360105,0.7336065573770492
20,0.1,0.8,0.7315573770491803,0.7315573770491803,0.6232185013940902,,0.7283714712938316,0.7315573770491803,0.6546652890570162,0.7315573770491803
20,0.1,0.9,0.7182377049180327,0.7182377049180327,0.6207315532749641,,0.7220142955733018,0.7182377049180327,0.6504555368599528,0.7182377049180326
20,0.1,1.0,0.7182377049180327,0.7182377049180327,0.6207315532749641,,0.7220142955733018,0.7182377049180327,0.6504555368599528,0.7182377049180326
20,0.2,0.6,0.7131147540983607,0.7131147540983607,0.629579058562771,,0.7640091853166386,0.7131147540983607,0.6652581837389222,0.7131147540983606
20,0.2,0.7,0.7110655737704918,0.7110655737704918,0.6218477751046232,,0.747825298235236,0.7110655737704918,0.6568759951059809,0.7110655737704918
20,0.2,0.8,0.7233606557377049,0.7233606557377049,0.6181886189622992,,0.7290588911893259,0.7233606557377049,0.648743489252051,0.7233606557377049
20,0.2,0.9,0.7172131147540983,0.7172131147540983,0.6212222633836525,,0.7292976601268527,0.7172131147540983,0.6488977547514819,0.7172131147540984
20,0.2,1.0,0.7172131147540983,0.7172131147540983,0.6212222633836525,,0.7292976601268527,0.7172131147540983,0.6488977547514819,0.7172131147540984
20,0.3,0.6,0.6741803278688525,0.6741803278688525,0.6022199048514838,,0.7345093167701864,0.6741803278688525,0.6342093938775464,0.6741803278688525
20,0.3,0.7,0.7182377049180327,0.7182377049180327,0.6317548230341168,,0.7737523415163166,0.7182377049180327,0.6656321504524969,0.7182377049180326
20,0.3,0.8,0.7110655737704918,0.7110655737704918,0.6123308535280791,,0.7302996319300668,0.7110655737704918,0.644818194397405,0.7110655737704918
20,0.3,0.9,0.7131147540983607,0.7131147540983607,0.6177136187746801,,0.7187775805974563,0.7131147540983607,0.6435076597808354,0.7131147540983606
20,0.3,1.0,0.7131147540983607,0.7131147540983607,0.6177136187746801,,0.7187775805974563,0.7131147540983607,0.6435076597808354,0.7131147540983606
20,0.4,0.6,0.6352459016393442,0.6352459016393442,0.5567833243870206,,0.6905428702882119,0.6352459016393442,0.5835308360564821,0.6352459016393442
20,0.4,0.7,0.6915983606557377,0.6915983606557377,0.6159363804025473,,0.748896956850373,0.6915983606557377,0.6475632064727956,0.6915983606557377
20,0.4,0.8,0.6967213114754098,0.6967213114754098,0.6151725699791648,,0.7295704262381281,0.6967213114754098,0.6400049183215212,0.6967213114754098
20,0.4,0.9,0.6967213114754098,0.6967213114754098,0.6061393040375523,,0.721660291169608,0.6967213114754098,0.6346118090222678,0.6967213114754098
20,0.4,1.0,0.6967213114754098,0.6967213114754098,0.6061393040375523,,0.721660291169608,0.6967213114754098,0.6346118090222678,0.6967213114754098
20,0.5,0.6,0.507172131147541,0.507172131147541,0.44714751680401416,,0.5224620099247429,0.507172131147541,0.4448052395111489,0.507172131147541
20,0.5,0.7,0.5440573770491803,0.5440573770491803,0.48451744649932416,,0.5739413881494626,0.5440573770491803,0.4911006888213347,0.5440573770491803
20,0.5,0.8,0.6772540983606558,0.6772540983606558,0.5808624624723627,,0.7061012027999605,0.6772540983606558,0.6071357514081972,0.6772540983606558
20,0.5,0.9,0.6793032786885246,0.6793032786885246,0.5734442214575275,,0.6541283150941537,0.6793032786885246,0.5919543028214937,0.6793032786885246
20,0.5,1.0,0.6793032786885246,0.6793032786885246,0.5734442214575275,,0.6541283150941537,0.6793032786885246,0.5919543028214937,0.6793032786885246
25,0.0,0.6,0.7336065573770492,0.7336065573770492,0.6506964511811308,,0.7698045450064084,0.7336065573770492,0.6871215407357454,0.7336065573770492
25,0.0,0.7,0.7336065573770492,0.7336065573770492,0.6513269492230326,,0.7898539222452265,0.7336065573770492,0.6889496812991522,0.7336065573770492
25,0.0,0.8,0.7366803278688525,0.7366803278688525,0.6335710270234992,,0.7414698314108251,0.7366803278688525,0.6633606375153034,0.7366803278688525
25,0.0,0.9,0.7325819672131147,0.7325819672131147,0.6376560245135935,,0.7504350290840975,0.7325819672131147,0.6696164011995818,0.7325819672131146
25,0.0,1.0,0.7325819672131147,0.7325819672131147,0.6376560245135935,,0.7504350290840975,0.7325819672131147,0.6696164011995818,0.7325819672131146
25,0.1,0.6,0.7366803278688525,0.7366803278688525,0.6557899248051733,,0.7856363994873312,0.7366803278688525,0.6943437588628473,0.7366803278688525
25,0.1,0.7,0.7448770491803278,0.7448770491803278,0.654749158691645,,0.7669517072529495,0.7448770491803278,0.6892194298538233,0.7448770491803278
25,0.1,0.8,0.7295081967213115,0.7295081967213115,0.630326488543982,,0.7327522593578494,0.7295081967213115,0.6592918505751376,0.7295081967213115
25,0.1,0.9,0.7182377049180327,0.7182377049180327,0.6207315532749641,,0.7220142955733018,0.7182377049180327,0.6504555368599528,0.7182377049180326
25,0.1,1.0,0.7182377049180327,0.7182377049180327,0.6207315532749641,,0.7220142955733018,0.7182377049180327,0.6504555368599528,0.7182377049180326
25,0.2,0.6,0.735655737704918,0.735655737704918,0.6456384027187765,,0.7680681422327386,0.735655737704918,0.6815601257024068,0.735655737704918
25,0.2,0.7,0.7295081967213115,0.7295081967213115,0.6326276253177953,,0.7703877879654277,0.7295081967213115,0.667655197136025,0.7295081967213115
25,0.2,0.8,0.7100409836065574,0.7100409836065574,0.6090958491372206,,0.7130292812777285,0.7100409836065574,0.6356498542893861,0.7100409836065574
25,0.2,0.9,0.7172131147540983,0.7172131147540983,0.6212222633836525,,0.7292976601268527,0.7172131147540983,0.6488977547514819,0.7172131147540984
25,0.2,1.0,0.7172131147540983,0.7172131147540983,0.6212222633836525,,0.7292976601268527,0.7172131147540983,0.6488977547514819,0.7172131147540984
25,0.3,0.6,0.6967213114754098,0.6967213114754098,0.613941490257587,,0.7535761937625292,0.6967213114754098,0.6483893237785782,0.6967213114754098
25,0.3,0.7,0.7172131147540983,0.7172131147540983,0.6312888793487221,,0.771256367281212,0.7172131147540983,0.6664356045708593,0.7172131147540984
25,0.3,0.8,0.7315573770491803,0.7315573770491803,0.6316652609685397,,0.7404065365276544,0.7315573770491803,0.6598716708784409,0.7315573770491803
25,0.3,0.9,0.7131147540983607,0.7131147540983607,0.6177136187746801,,0.7187775805974563,0.7131147540983607,0.6435076597808354,0.7131147540983606
25,0.3,1.0,0.7131147540983607,0.7131147540983607,0.6177136187746801,,0.7187775805974563,0.7131147540983607,0.6435076597808354,0.7131147540983606
25,0.4,0.6,0.6762295081967213,0.6762295081967213,0.610522312804751,,0.7451663708961845,0.6762295081967213,0.6399823632505625,0.6762295081967213
25,0.4,0.7,0.6915983606557377,0.6915983606557377,0.6159363804025473,,0.748896956850373,0.6915983606557377,0.6475632064727956,0.6915983606557377
25,0.4,0.8,0.6967213114754098,0.6967213114754098,0.6061393040375523,,0.721660291169608,0.6967213114754098,0.6346118090222678,0.6967213114754098
25,0.4,0.9,0.6967213114754098,0.6967213114754098,0.6061393040375523,,0.721660291169608,0.6967213114754098,0.6346118090222678,0.6967213114754098
25,0.4,1.0,0.6967213114754098,0.6967213114754098,0.6061393040375523,,0.721660291169608,0.6967213114754098,0.6346118090222678,0.6967213114754098
25,0.5,0.6,0.507172131147541,0.507172131147541,0.44714751680401416,,0.5224620099247429,0.507172131147541,0.4448052395111489,0.507172131147541
25,0.5,0.7,0.5440573770491803,0.5440573770491803,0.48451744649932416,,0.5739413881494626,0.5440573770491803,0.4911006888213347,0.5440573770491803
25,0.5,0.8,0.6793032786885246,0.6793032786885246,0.5734442214575275,,0.6541283150941537,0.6793032786885246,0.5919543028214937,0.6793032786885246
25,0.5,0.9,0.6793032786885246,0.6793032786885246,0.5734442214575275,,0.6541283150941537,0.6793032786885246,0.5919543028214937,0.6793032786885246
25,0.5,1.0,0.6793032786885246,0.6793032786885246,0.5734442214575275,,0.6541283150941537,0.6793032786885246,0.5919543028214937,0.6793032786885246
30,0.0,0.6,0.7336065573770492,0.7336065573770492,0.6506964511811308,,0.7698045450064084,0.7336065573770492,0.6871215407357454,0.7336065573770492
30,0.0,0.7,0.75,0.75,0.6513600647016535,,0.7478407768904664,0.75,0.6825740849880617,0.75
30,0.0,0.8,0.7325819672131147,0.7325819672131147,0.6376560245135935,,0.7504350290840975,0.7325819672131147,0.6696164011995818,0.7325819672131146
30,0.0,0.9,0.7325819672131147,0.7325819672131147,0.6376560245135935,,0.7504350290840975,0.7325819672131147,0.6696164011995818,0.7325819672131146
30,0.0,1.0,0.7325819672131147,0.7325819672131147,0.6376560245135935,,0.7504350290840975,0.7325819672131147,0.6696164011995818,0.7325819672131146
30,0.1,0.6,0.7366803278688525,0.7366803278688525,0.6557899248051733,,0.7856363994873312,0.7366803278688525,0.6943437588628473,0.7366803278688525
30,0.1,0.7,0.7407786885245902,0.7407786885245902,0.6337295676662709,,0.7245881888987479,0.7407786885245902,0.6617552251327231,0.7407786885245902
30,0.1,0.8,0.7182377049180327,0.7182377049180327,0.6207315532749641,,0.7220142955733018,0.7182377049180327,0.6504555368599528,0.7182377049180326
30,0.1,0.9,0.7182377049180327,0.7182377049180327,0.6207315532749641,,0.7220142955733018,0.7182377049180327,0.6504555368599528,0.7182377049180326
30,0.1,1.0,0.7182377049180327,0.7182377049180327,0.6207315532749641,,0.7220142955733018,0.7182377049180327,0.6504555368599528,0.7182377049180326
30,0.2,0.6,0.735655737704918,0.735655737704918,0.6456384027187765,,0.7680681422327386,0.735655737704918,0.6815601257024068,0.735655737704918
30,0.2,0.7,0.7325819672131147,0.7325819672131147,0.6332535525773335,,0.7371241907390975,0.7325819672131147,0.6615347753124159,0.7325819672131146
30,0.2,0.8,0.7172131147540983,0.7172131147540983,0.6212222633836525,,0.7292976601268527,0.7172131147540983,0.6488977547514819,0.7172131147540984
30,0.2,0.9,0.7172131147540983,0.7172131147540983,0.6212222633836525,,0.7292976601268527,0.7172131147540983,0.6488977547514819,0.7172131147540984
30,0.2,1.0,0.7172131147540983,0.7172131147540983,0.6212222633836525,,0.7292976601268527,0.7172131147540983,0.6488977547514819,0.7172131147540984
30,0.3,0.6,0.6967213114754098,0.6967213114754098,0.613941490257587,,0.7535761937625292,0.6967213114754098,0.6483893237785782,0.6967213114754098
30,0.3,0.7,0.7120901639344263,0.7120901639344263,0.6206315981821422,,0.7385433632390154,0.7120901639344263,0.6505663552877078,0.7120901639344263
30,0.3,0.8,0.7131147540983607,0.7131147540983607,0.6177136187746801,,0.7187775805974563,0.7131147540983607,0.6435076597808354,0.7131147540983606
30,0.3,0.9,0.7131147540983607,0.7131147540983607,0.6177136187746801,,0.7187775805974563,0.7131147540983607,0.6435076597808354,0.7131147540983606
30,0.3,1.0,0.7131147540983607,0.7131147540983607,0.6177136187746801,,0.7187775805974563,0.7131147540983607,0.6435076597808354,0.7131147540983606
30,0.4,0.6,0.6762295081967213,0.6762295081967213,0.610522312804751,,0.7451663708961845,0.6762295081967213,0.6399823632505625,0.6762295081967213
30,0.4,0.7,0.6915983606557377,0.6915983606557377,0.6159363804025473,,0.748896956850373,0.6915983606557377,0.6475632064727956,0.6915983606557377
30,0.4,0.8,0.6967213114754098,0.6967213114754098,0.6061393040375523,,0.721660291169608,0.6967213114754098,0.6346118090222678,0.6967213114754098
30,0.4,0.9,0.6967213114754098,0.6967213114754098,0.6061393040375523,,0.721660291169608,0.6967213114754098,0.6346118090222678,0.6967213114754098
30,0.4,1.0,0.6967213114754098,0.6967213114754098,0.6061393040375523,,0.721660291169608,0.6967213114754098,0.6346118090222678,0.6967213114754098
30,0.5,0.6,0.507172131147541,0.507172131147541,0.44714751680401416,,0.5224620099247429,0.507172131147541,0.4448052395111489,0.507172131147541
30,0.5,0.7,0.5440573770491803,0.5440573770491803,0.48451744649932416,,0.5739413881494626,0.5440573770491803,0.4911006888213347,0.5440573770491803
30,0.5,0.8,0.6793032786885246,0.6793032786885246,0.5734442214575275,,0.6541283150941537,0.6793032786885246,0.5919543028214937,0.6793032786885246
30,0.5,0.9,0.6793032786885246,0.6793032786885246,0.5734442214575275,,0.6541283150941537,0.6793032786885246,0.5919543028214937,0.6793032786885246
30,0.5,1.0,0.6793032786885246,0.6793032786885246,0.5734442214575275,,0.6541283150941537,0.6793032786885246,0.5919543028214937,0.6793032786885246
40,0.0,0.6,0.7336065573770492,0.7336065573770492,0.6506964511811308,,0.7698045450064084,0.7336065573770492,0.6871215407357454,0.7336065573770492
40,0.0,0.7,0.742827868852459,0.742827868852459,0.6465534249670297,,0.7291735351145289,0.742827868852459,0.6735324897560423,0.7428278688524589
40,0.0,0.8,0.7325819672131147,0.7325819672131147,0.6376560245135935,,0.7504350290840975,0.7325819672131147,0.6696164011995818,0.7325819672131146
40,0.0,0.9,0.7325819672131147,0.7325819672131147,0.6376560245135935,,0.7504350290840975,0.7325819672131147,0.6696164011995818,0.7325819672131146
40,0.0,1.0,0.7325819672131147,0.7325819672131147,0.6376560245135935,,0.7504350290840975,0.7325819672131147,0.6696164011995818,0.7325819672131146
40,0.1,0.6,0.7366803278688525,0.7366803278688525,0.6557899248051733,,0.7856363994873312,0.7366803278688525,0.6943437588628473,0.7366803278688525
40,0.1,0.7,0.7233606557377049,0.7233606557377049,0.6358045591269545,,0.693633951165007,0.7233606557377049,0.6525230360999813,0.7233606557377049
40,0.1,0.8,0.7182377049180327,0.7182377049180327,0.6207315532749641,,0.7220142955733018,0.7182377049180327,0.6504555368599528,0.7182377049180326
40,0.1,0.9,0.7182377049180327,0.7182377049180327,0.6207315532749641,,0.7220142955733018,0.7182377049180327,0.6504555368599528,0.7182377049180326
40,0.1,1.0,0.7182377049180327,0.7182377049180327,0.6207315532749641,,0.7220142955733018,0.7182377049180327,0.6504555368599528,0.7182377049180326
40,0.2,0.6,0.735655737704918,0.735655737704918,0.6456384027187765,,0.7680681422327386,0.735655737704918,0.6815601257024068,0.735655737704918
40,0.2,0.7,0.7120901639344263,0.7120901639344263,0.6173439121617545,,0.7344157054125998,0.7120901639344263,0.6481958484178786,0.7120901639344263
40,0.2,0.8,0.7172131147540983,0.7172131147540983,0.6212222633836525,,0.7292976601268527,0.7172131147540983,0.6488977547514819,0.7172131147540984
40,0.2,0.9,0.7172131147540983,0.7172131147540983,0.6212222633836525,,0.7292976601268527,0.7172131147540983,0.6488977547514819,0.7172131147540984
40,0.2,1.0,0.7172131147540983,0.7172131147540983,0.6212222633836525,,0.7292976601268527,0.7172131147540983,0.6488977547514819,0.7172131147540984
40,0.3,0.6,0.6967213114754098,0.6967213114754098,0.613941490257587,,0.7535761937625292,0.6967213114754098,0.6483893237785782,0.6967213114754098
40,0.3,0.7,0.7182377049180327,0.7182377049180327,0.6255026476356853,,0.71735160537645,0.7182377049180327,0.6489659700433327,0.7182377049180326
40,0.3,0.8,0.7131147540983607,0.7131147540983607,0.6177136187746801,,0.7187775805974563,0.7131147540983607,0.6435076597808354,0.7131147540983606
40,0.3,0.9,0.7131147540983607,0.7131147540983607,0.6177136187746801,,0.7187775805974563,0.7131147540983607,0.6435076597808354,0.7131147540983606
40,0.3,1.0,0.7131147540983607,0.7131147540983607,0.6177136187746801,,0.7187775805974563,0.7131147540983607,0.6435076597808354,0.7131147540983606
40,0.4,0.6,0.6762295081967213,0.6762295081967213,0.610522312804751,,0.7451663708961845,0.6762295081967213,0.6399823632505625,0.6762295081967213
40,0.4,0.7,0.7131147540983607,0.7131147540983607,0.629772969263388,,0.7763077163232442,0.7131147540983607,0.664993366165768,0.7131147540983606
40,0.4,0.8,0.6967213114754098,0.6967213114754098,0.6061393040375523,,0.721660291169608,0.6967213114754098,0.6346118090222678,0.6967213114754098
40,0.4,0.9,0.6967213114754098,0.6967213114754098,0.6061393040375523,,0.721660291169608,0.6967213114754098,0.6346118090222678,0.6967213114754098
40,0.4,1.0,0.6967213114754098,0.6967213114754098,0.6061393040375523,,0.721660291169608,0.6967213114754098,0.6346118090222678,0.6967213114754098
40,0.5,0.6,0.507172131147541,0.507172131147541,0.44714751680401416,,0.5224620099247429,0.507172131147541,0.4448052395111489,0.507172131147541
40,0.5,0.7,0.5440573770491803,0.5440573770491803,0.48451744649932416,,0.5739413881494626,0.5440573770491803,0.4911006888213347,0.5440573770491803
40,0.5,0.8,0.6793032786885246,0.6793032786885246,0.5734442214575275,,0.6541283150941537,0.6793032786885246,0.5919543028214937,0.6793032786885246
40,0.5,0.9,0.6793032786885246,0.6793032786885246,0.5734442214575275,,0.6541283150941537,0.6793032786885246,0.5919543028214937,0.6793032786885246
40,0.5,1.0,0.6793032786885246,0.6793032786885246,0.5734442214575275,,0.6541283150941537,0.6793032786885246,0.5919543028214937,0.6793032786885246
40,0.5,1.0,0.6793032786885246,0.6793032786885246,0.5734442214575275,,0.6541283150941537,0.6793032786885246,0.5919543028214937,0.6793032786885246
